{
    "bones": [{
        "pos": [0,0,-0],
        "scl": [1,1,1],
        "parent": -1,
        "rotq": [0.707107,0,-0,0.707107],
        "name": "Bone"
    }],
    "metadata": {
        "bones": 1,
        "uvs": 1,
        "materials": 1,
        "colors": 0,
        "version": 3,
        "generator": "io_three",
        "type": "Geometry",
        "normals": 12,
        "vertices": 16,
        "faces": 11
    },
    "uvs": [[0.382353,0.666667,0.382353,1,0.235294,1,0.235294,0.666667,0.588235,0.666667,0.588235,0,0.735294,7.94728e-08,0.735294,0.666667,0.382353,1,0.382353,0.666667,0.529412,0.666667,0.529412,1,0.735294,0.666667,0.735294,0,0.882353,0,0.882353,0.666667,0,0,0.294118,5.96046e-08,0.294118,0.666667,8.76539e-09,0.666667,0.294118,1.98682e-08,0.588235,0,0.588235,0.666667,0.294118,0.666667,0.882353,0.266667,0.882353,2.98023e-08,1,0,1,0.266667,0.735294,1,0.735294,0.666667,0.852941,0.666667,0.852941,1,0.970588,0.666667,0.970588,0.933333,0.852941,0.933333,0.617647,1,0.617647,0.666667,0.735294,1,0,0.666667,0.235294,0.666667,0.235294,1,1.05185e-07,1]],
    "materials": [{
        "DbgColor": 15658734,
        "mapDiffuse": "car-base.png",
        "blending": "NormalBlending",
        "visible": true,
        "mapDiffuseAnisotropy": 1,
        "opacity": 1,
        "vertexColors": false,
        "transparent": false,
        "shading": "lambert",
        "DbgName": "Material.001",
        "DbgIndex": 0,
        "colorDiffuse": [0.64,0.64,0.64],
        "colorAmbient": [0.64,0.64,0.64],
        "depthWrite": true,
        "mapDiffuseRepeat": [1,1],
        "mapDiffuseWrap": ["RepeatWrapping","RepeatWrapping"],
        "depthTest": true,
        "colorEmissive": [0,0,0],
        "wireframe": false
    }],
    "name": "Cube.001Geometry.2",
    "colors": [],
    "faces": [43,2,0,1,3,0,2,3,0,1,0,1,2,3,43,3,7,6,2,0,4,5,6,7,3,4,5,0,43,7,5,4,6,0,8,9,10,11,4,6,7,5,43,0,4,5,1,0,14,15,12,13,1,7,6,2,43,0,2,6,4,0,16,17,18,19,1,0,5,7,43,5,7,3,1,0,20,21,22,23,6,4,3,2,43,9,11,10,8,0,24,25,26,27,2,3,8,9,43,11,15,14,10,0,28,29,30,31,3,4,10,8,43,15,13,12,14,0,32,33,34,30,4,6,11,10,43,13,9,8,12,0,35,36,7,37,6,2,9,11,43,13,15,11,9,0,38,39,40,41,6,4,3,2],
    "skinIndices": [0,0,0,0,0,0,0,0,0,0,0,0,0,0,0,0,0,0,0,0,0,0,0,0,0,0,0,0,0,0,0,0],
    "influencesPerVertex": 2,
    "normals": [0.577349,-0.577349,-0.577349,-0.577349,-0.577349,-0.577349,-0.577349,0.577349,-0.577349,0.577349,0.577349,-0.577349,0.577349,0.577349,0.577349,0.577349,-0.577349,0.577349,-0.577349,0.577349,0.577349,-0.577349,-0.577349,0.577349,0.707083,0,-0.707083,-0.707083,0,-0.707083,0.707083,0,0.707083,-0.707083,0,0.707083],
    "vertices": [-0.5,-4.37114e-08,-1,-0.5,0.5,-1,0.5,-4.37114e-08,-1,0.5,0.5,-1,-0.5,4.37114e-08,1,-0.5,0.5,1,0.5,4.37114e-08,1,0.5,0.5,1,-0.4,0.5,-0.7,-0.4,0.9,-0.7,0.4,0.5,-0.7,0.4,0.9,-0.7,-0.4,0.5,0.3,-0.4,0.9,0.3,0.4,0.5,0.3,0.4,0.9,0.3],
    "animations": [{
        "length": 0.0416667,
        "fps": 24,
        "hierarchy": [{
            "keys": [{
                "pos": [0,0,-0],
                "scl": [1,1,1],
                "rot": [0.707107,0,-0,0.707107],
                "time": 0
            },{
                "pos": [0,0,-0],
                "scl": [1,1,1],
                "rot": [0.707107,0,-0,0.707107],
                "time": 0.0416667
            }],
            "parent": -1
        }],
        "name": "ArmatureAction"
    }],
    "skinWeights": [1,0,1,0,1,0,1,0,1,0,1,0,1,0,1,0,1,0,1,0,1,0,1,0,1,0,1,0,1,0,1,0]
}