{
    "normals": [0.577349,-0.577349,-0.577349,-0.577349,-0.577349,-0.577349,-0.707083,0,-0.707083,0.707083,0,-0.707083,0.904508,0.301492,0.301492,0.577349,0.577349,0.577349,0.577349,-0.577349,0.577349,0.707083,-0.707083,0,-0.577349,0.577349,0.577349,-0.577349,-0.577349,0.577349,-0.707083,-0.707083,0,-0.904508,0.301492,0.301492,-0.577349,0.577349,-0.577349,0.577349,0.577349,-0.577349,0.602588,0.66921,0.434736,0.591449,0.327708,0.736717,-0.602588,0.66921,0.434736,-0.591449,0.327708,0.736717],
    "colors": [],
    "name": "Cube.001Geometry",
    "metadata": {
        "version": 3,
        "normals": 18,
        "colors": 0,
        "bones": 1,
        "vertices": 24,
        "type": "Geometry",
        "uvs": 1,
        "faces": 19,
        "generator": "io_three",
        "materials": 1
    },
    "vertices": [-0.5,-8.74228e-08,-2,-0.5,0.5,-2,0.5,-8.74228e-08,-2,0.5,0.5,-2,-0.5,4.37114e-08,1,-0.5,0.5,1,0.5,4.37114e-08,1,0.5,0.5,1,-0.4,0.5,-0.0517743,-0.4,1.4,-0.0517743,0.4,0.5,-0.0517744,0.4,1.4,-0.0517744,-0.4,0.5,0.948226,-0.4,1.4,0.547851,0.4,0.5,0.948226,0.4,1.4,0.547851,0.5,0.5,-0.173168,0.5,-7.56943e-09,-0.173168,-0.5,0.5,-0.173168,-0.5,-7.56943e-09,-0.173168,-0.5,1.56767,-2,0.5,1.56767,-2,-0.5,1.56767,-0.173168,0.5,1.56767,-0.173168],
    "uvs": [[0.382353,0.666667,0.382353,1,0.235294,1,0.235294,0.666667,0.588235,0.333333,0.588235,0,0.735294,7.94728e-08,0.735294,0.333333,0.382353,1,0.382353,0.666667,0.529412,0.666667,0.529412,1,0.735294,0.333333,0.735294,0,0.882353,0,0.882353,0.333333,4.38269e-09,0.333333,0.294118,0.333333,0.294118,0.666667,8.76539e-09,0.666667,0,0,0.294118,5.96046e-08,0.882353,0.266667,0.882353,2.98023e-08,1,0,1,0.266667,0.735294,1,0.735294,0.666667,0.852941,0.666667,0.852941,1,0.970588,0.666667,0.970588,0.933333,0.852941,0.933333,0.617647,1,0.617647,0.666667,0.735294,0.666667,0.735294,1,0,0.666667,0.235294,0.666667,0.235294,1,1.05185e-07,1,0.735294,0.666667,0.882353,0.666667,0.588235,0.666667]],
    "influencesPerVertex": 2,
    "faces": [43,2,0,1,3,0,2,3,0,1,0,1,2,3,43,16,7,6,17,0,4,5,6,7,4,5,6,7,43,7,5,4,6,0,8,9,10,11,5,8,9,6,43,0,19,18,1,0,14,15,12,13,1,10,11,2,43,19,17,6,4,0,16,17,18,19,10,7,6,9,43,3,1,20,21,0,20,21,17,16,3,2,12,13,43,9,11,10,8,0,22,23,24,25,12,13,3,2,43,11,15,14,10,0,26,27,28,29,13,14,15,3,43,15,13,12,14,0,30,31,32,28,14,16,17,15,43,13,9,8,12,0,33,34,35,36,16,12,2,17,43,13,15,11,9,0,37,38,39,40,16,14,13,12,43,5,7,16,18,0,16,17,18,19,8,5,4,11,43,0,2,17,19,0,20,21,17,16,1,0,7,10,43,5,18,19,4,0,41,12,15,42,8,11,10,9,43,3,16,17,2,0,43,4,7,35,3,4,7,0,43,22,23,21,20,0,20,21,17,16,8,5,13,12,43,1,18,22,20,0,20,21,17,16,2,11,8,12,43,18,16,23,22,0,20,21,17,16,11,4,5,8,43,16,3,21,23,0,20,21,17,16,4,3,13,5],
    "animations": [{
        "hierarchy": [{
            "parent": -1,
            "keys": [{
                "pos": [0,0,-0],
                "rot": [0.707107,0,-0,0.707107],
                "scl": [1,1,1],
                "time": 0
            },{
                "pos": [0,0,-0],
                "rot": [0.707107,0,-0,0.707107],
                "scl": [1,1,1],
                "time": 0.0416667
            }]
        }],
        "fps": 24,
        "name": "ArmatureAction",
        "length": 0.0416667
    }],
    "skinWeights": [1,0,1,0,1,0,1,0,1,0,1,0,1,0,1,0,1,0,1,0,1,0,1,0,1,0,1,0,1,0,1,0,1,0,1,0,1,0,1,0,1,0,1,0,1,0,1,0],
    "materials": [{
        "mapDiffuseRepeat": [1,1],
        "mapDiffuse": "truck-base.png",
        "depthWrite": true,
        "mapDiffuseWrap": ["RepeatWrapping","RepeatWrapping"],
        "blending": "NormalBlending",
        "colorAmbient": [0.64,0.64,0.64],
        "colorDiffuse": [0.64,0.64,0.64],
        "vertexColors": false,
        "wireframe": false,
        "shading": "lambert",
        "colorEmissive": [0,0,0],
        "DbgIndex": 0,
        "visible": true,
        "DbgName": "Material.001",
        "opacity": 1,
        "DbgColor": 15658734,
        "transparent": false,
        "depthTest": true,
        "mapDiffuseAnisotropy": 1
    }],
    "bones": [{
        "name": "Bone",
        "pos": [0,0,-0],
        "parent": -1,
        "rotq": [0.707107,0,-0,0.707107],
        "scl": [1,1,1]
    }],
    "skinIndices": [0,0,0,0,0,0,0,0,0,0,0,0,0,0,0,0,0,0,0,0,0,0,0,0,0,0,0,0,0,0,0,0,0,0,0,0,0,0,0,0,0,0,0,0,0,0,0,0]
}