{
    "materials":[{
        "colorDiffuse":[0.8,0.8,0.8],
        "mapDiffuse":"pew-hawk.png",
        "shading":"lambert",
        "mapDiffuseRepeat":[1,1],
        "colorEmissive":[0,0,0],
        "opacity":1,
        "depthWrite":true,
        "depthTest":true,
        "mapDiffuseWrap":["RepeatWrapping","RepeatWrapping"],
        "DbgColor":15658734,
        "wireframe":false,
        "transparent":false,
        "DbgName":"Material.001",
        "mapDiffuseAnisotropy":1,
        "DbgIndex":0,
        "visible":true,
        "vertexColors":false,
        "blending":"NormalBlending"
    }],
    "bones":[{
        "pos":[0,0,-0],
        "parent":-1,
        "name":"Bone",
        "rotq":[0.707107,0,-0,0.707107],
        "scl":[1,1,1]
    }],
    "influencesPerVertex":2,
    "vertices":[-0.082838,0.073982,0.186017,-0.148662,-0.108351,0.362817,0.000468,-0.108351,0.362817,-0.001296,0.073982,0.186017,0.065116,-0.027895,0.535095,0.065116,-0.108351,0.535095,0.144424,-0.108351,0.535349,0.144424,-0.027895,0.535349,-0,-0.108351,-0.498055,-0.001552,0.073903,-0.284693,0.237488,-0.108351,-0.428322,0.128302,0.073909,-0.246565,0.399574,-0.108351,-0.241264,0.216929,0.073927,-0.144284,0.434799,-0.108351,0.00373,0.236189,0.073949,-0.010325,0.28428,-0.108351,0.206961,0.153888,0.073967,0.100798,0.065746,-0.108351,0.362817,0.034397,0.073982,0.186017,-0.344728,0.076,0.180358,-0.344728,-0.076,0.180358,-0.242924,-0.108351,0.206961,-0.134379,0.073967,0.100798,-0.434799,-0.108351,0.00373,-0.239293,0.073949,-0.010326,-0.399574,-0.108351,-0.241264,-0.220033,0.073927,-0.144284,-0.237488,-0.108351,-0.428322,-0.131406,0.073909,-0.246565,-0.071573,-0.027895,0.535178,-0.071573,-0.108351,0.535178,0.000468,-0.108351,0.535178,0.000468,-0.027895,0.535178,-0.412763,-0.076,0.120058,-0.412763,0.076,0.120058,-0.341695,0.005997,0.273026,-0.341695,-0.05577,0.273026,-0.408404,0.005997,0.273717,-0.408404,-0.05577,0.273717],
    "colors":[],
    "animations":[{
        "name":"ArmatureAction",
        "fps":24,
        "length":0.041667,
        "hierarchy":[{
            "keys":[{
                "rot":[0.707107,0,-0,0.707107],
                "time":0,
                "scl":[1,1,1],
                "pos":[0,0,-0]
            },{
                "rot":[0.707107,0,-0,0.707107],
                "time":0.041667,
                "scl":[1,1,1],
                "pos":[0,0,-0]
            }],
            "parent":-1
        }]
    }],
    "skinWeights":[0,0,0,0,0,0,0,0,0,0,0,0,0,0,0,0,0,0,0,0,0,0,0,0,0,0,0,0,0,0,0,0,0,0,0,0,0,0,0,0,0,0,0,0,0,0,0,0,0,0,0,0,0,0,0,0,0,0,0,0,0,0,0,0,0,0,0,0,0,0,0,0,0,0,0,0,0,0,0,0],
    "uvs":[[0.819653,0.239102,0.777819,0.211594,0.889137,0,0.926096,0.024303,0.411883,0.526196,0.480976,0.362963,0.50144,0.603494,0.460293,0.628922,0.467151,0.673057,0.467151,0.727874,0.420398,0.728047,0.420398,0.67323,0.641731,0.126783,0.589475,0.138748,0.639409,0.042165,0.673435,0.065069,0.73629,0.752274,0.826653,0.651755,0.826653,0.956254,0.780412,0.968789,0.874746,0.340799,0.837964,0.251143,0.959239,0.046161,1,0.072768,0.632543,0.612018,0.684078,0.511575,0.761669,0.533304,0.774448,0.651755,0.836567,0.503978,0.911431,0.598118,0.254627,0.840684,0.14673,0.776725,0.146716,0.68507,0.254627,0.673057,1,0.468135,0.884994,0.432908,0.981259,0.299674,0.146716,0.937388,0.074092,0.785695,0.101326,0.673057,0.146716,0.688313,0.910053,0.127088,0.883946,0.111711,0.628429,0.44569,0.612391,0.356568,0.641056,0.272503,0.726855,0.243551,0.50144,0.81636,0.619863,0.815752,0.598588,0.895696,0.509313,0.893192,0.501453,0.72669,0.619863,0.651755,0.051063,0.473945,0.207929,0.533002,0.147199,0.552855,0.094905,0.538914,0.530769,0.491521,0.50144,0.328523,0.735582,0.823651,0.619863,0.713244,0.620258,0.651755,0.73629,0.711196,0.378075,0.54725,0.300839,0.595349,0,0.316788,0.03103,0.153193,0.134302,0.035099,0.277026,0,0.41389,0.05904,0.50144,0.193475,0.462874,0.728047,0.462874,0.782863,0.420398,0.78301,0.420398,0.728194,0,0.823769,0.074092,0.673057,0.074092,0.921311,0.028498,0.936693,0.73629,0.946076,0.689057,0.948202,0.426835,0.649822,0.389524,0.673057,0.254627,0.750634,0.365671,0.673057,0.364387,0.819144,0.274824,0.819144,0.499268,0.773649,0.462874,0.773549,0.462874,0.728047,0.499268,0.728147,0.585154,1,0.548876,0.998982,0.420398,0.673057,0.420398,0.776811,0.365671,0.729025,0.365671,0.686863,0.174685,0.608806,0.140331,0.630733]],
    "normals":[0,0.280097,-0.959972,-0,0,1,-0.003203,0.999995,-0,-0.21562,0.487399,-0.846138,0.831474,0.230239,-0.50561,0.105859,0.247525,-0.963081,0.187101,-0.637252,-0.747598,0.506898,-0.439274,-0.741682,0.676699,-0.097338,-0.729797,0.591014,0.437683,-0.677595,-0.994962,0.039411,0.092178,0,0.717915,-0.696131,0,-0.000167,-1,0,-0.000167,-1,-0,-0.000167,-1,-0,-0.000167,-1,0,-0.000167,-1,0,-0.000167,-1,0,-0.000167,-1,-0,-0.000167,-1,0,-0.000167,-1,-0.748111,-0.517172,-0.415768,-0.682416,-0.09816,-0.724343,-0.338338,0.33369,0.879874,-0.187548,-0.638772,-0.746187,-0.510156,-0.442097,-0.737761,-0.664691,0.40197,-0.629766,0,0,-0,0,0,1,0,0,1,-0,0,1,0,0,1,-0,0,1,-0,0,1,0,0,1,0,0,1,0,0,1,0.006818,-0.006987,-0.999952,-0,1,-0,0.999984,-0.002385,-0.005109,-0.898291,0.225818,-0.376935,0,0,1,0.188092,0.952059,-0.241259,0.010351,0.999946,-0,-0.999598,0.028359,-0,0.999465,-0.032712,-0,-0.07245,0.163771,0.983834],
    "name":"Cube.001Geometry.1",
    "faces":[43,3,0,30,33,0,0,1,2,3,0,0,0,0,43,18,16,6,5,0,4,5,6,7,1,1,1,1,43,6,7,4,5,0,8,9,10,11,2,2,2,2,43,20,35,38,36,0,12,13,14,15,3,3,3,3,43,16,17,7,6,0,16,17,18,19,4,4,4,4,43,17,19,4,7,0,20,21,22,23,5,5,5,5,43,8,9,11,10,0,24,25,26,27,6,6,6,6,43,10,11,13,12,0,27,26,28,29,7,7,7,7,43,12,13,15,14,0,30,31,32,33,8,8,8,8,43,14,15,17,16,0,34,35,20,36,9,9,9,9,43,19,18,5,4,0,37,38,39,40,10,10,10,10,43,18,19,3,2,0,41,21,0,42,11,11,11,11,42,23,0,3,0,46,1,0,12,12,12,42,3,19,17,0,0,21,20,12,12,12,42,17,15,13,0,20,35,28,13,13,13,42,13,11,9,0,28,26,25,14,14,14,42,9,29,27,0,25,43,44,15,15,15,42,27,25,23,0,44,45,46,16,16,16,42,23,3,17,0,46,0,20,17,17,17,42,17,13,9,0,20,28,25,18,18,18,42,9,27,23,0,25,44,46,19,19,19,42,17,9,23,0,20,25,46,20,20,20,43,25,24,34,35,0,47,48,49,50,21,21,21,21,43,24,25,27,26,0,48,47,51,52,22,22,22,22,43,24,22,21,34,0,53,54,55,56,23,23,23,23,43,28,29,9,8,0,57,43,25,24,24,24,24,24,43,26,27,29,28,0,58,44,43,57,25,25,25,25,43,1,0,23,22,0,59,60,61,62,26,26,26,26,42,18,2,1,0,4,63,64,27,27,27,42,22,24,26,0,54,53,65,28,28,28,42,18,1,22,0,4,64,54,29,29,29,42,14,16,18,0,70,5,4,30,30,30,42,10,12,14,0,68,69,70,31,31,31,42,28,8,10,0,66,67,68,32,32,32,42,22,26,28,0,54,65,66,33,33,33,42,14,18,22,0,70,4,54,34,34,34,42,28,10,14,0,66,68,70,35,35,35,42,22,28,14,0,54,66,70,36,36,36,43,23,25,35,20,0,46,45,13,12,37,37,37,37,43,32,33,30,31,0,71,72,73,74,38,38,38,38,43,2,3,33,32,0,75,76,77,78,39,39,39,39,43,0,1,31,30,0,60,59,79,80,40,40,40,40,43,1,2,32,31,0,64,63,81,82,41,41,41,41,43,22,23,20,21,0,83,84,85,86,42,42,42,42,43,37,36,38,39,0,87,88,89,90,43,43,43,43,43,35,34,39,38,0,50,49,91,92,44,44,44,44,43,21,20,36,37,0,93,94,95,96,45,45,45,45,43,34,21,37,39,0,56,55,97,98,46,46,46,46],
    "metadata":{
        "type":"Geometry",
        "version":3,
        "bones":1,
        "uvs":1,
        "colors":0,
        "materials":1,
        "faces":48,
        "generator":"io_three",
        "normals":47,
        "vertices":40
    },
    "skinIndices":[0,0,0,0,0,0,0,0,0,0,0,0,0,0,0,0,0,0,0,0,0,0,0,0,0,0,0,0,0,0,0,0,0,0,0,0,0,0,0,0,0,0,0,0,0,0,0,0,0,0,0,0,0,0,0,0,0,0,0,0,0,0,0,0,0,0,0,0,0,0,0,0,0,0,0,0,0,0,0,0]
}