{
    "vertices":[0.5,0.5,-0.5,0.5,-0.5,-0.5,0.5,0.5,0.5,0.5,-0.5,0.5,-0.5,0.5,-0.5,-0.5,-0.5,-0.5,-0.5,0.5,0.5,-0.5,-0.5,0.5,0.5,0.375,0.375,0.5,-0.375,0.375,0.5,0.375,-0.375,0.5,-0.375,-0.375,-0.375,-0.375,0.5,0.375,-0.375,0.5,0.375,0.375,0.5,-0.375,0.375,0.5,-0.5,-0.375,0.375,-0.5,0.375,0.375,-0.5,0.375,-0.375,-0.5,-0.375,-0.375,0.375,0.5,0.375,-0.375,0.5,0.375,-0.375,0.5,-0.375,0.375,0.5,-0.375,0.375,-0.375,-0.5,-0.375,-0.375,-0.5,-0.375,0.375,-0.5,0.375,0.375,-0.5,-0.375,-0.5,0.375,0.375,-0.5,0.375,0.375,-0.5,-0.375,-0.375,-0.5,-0.375,0.375,-0.375,-0.375,-0.375,-0.375,-0.375,-0.375,0.375,-0.375,0.375,0.375,-0.375,0.375,0.375,0.375,-0.375,0.375,0.375,-0.375,0.375,-0.375,0.375,0.375,-0.375,-0.375,-0.375,0.375,0.375,-0.375,0.375,0.375,0.375,0.375,-0.375,0.375,0.375,0.375,0.375,0.375,0.375,-0.375,0.375,0.375,0.375,-0.375,0.375,-0.375,-0.375,-0.375,-0.375,0.375,-0.375,0.375,0.375,-0.375,0.375,-0.375,-0.375,-0.375,-0.375,-0.375,-0.375,0.375,0.375,-0.375,0.375,0.375,-0.375,-0.375,-0.375,-0.375,-0.375],
    "normals":[0,-0,1,0,-1,-0,-1,-0,-0,0,0,-1,0,1,-0,1,0,-0,0,-0,-1,1,-0,-0,1,0,0,0,0,1,0,1,-0,0,1,0,0,1,-0,-1,0,-0,-1,0,0,0,-0,-1,0,-0,-1,-1,-0,-0,0,-1,0,0,-1,0,-1,0,0,0,0,1,0,-1,0,1,0,-0,0,-0,1,1,0,0,0,-1,-0,-1,0,-0,0,-0,-1,1,-0,-0,0,0,1,0,1,-0],
    "skinIndices":[0,0,0,0,0,0,0,0,0,0,0,0,0,0,0,0,0,0,0,0,0,0,0,0,0,0,0,0,0,0,0,0,0,0,0,0,0,0,0,0,0,0,0,0,0,0,0,0,0,0,0,0,0,0,0,0,0,0,0,0,0,0,0,0,0,0,0,0,0,0,0,0,0,0,0,0,0,0,0,0,0,0,0,0,0,0,0,0,0,0,0,0,0,0,0,0,0,0,0,0,0,0,0,0,0,0,0,0,0,0,0,0],
    "influencesPerVertex":2,
    "colors":[],
    "skinWeights":[0,0,0,0,0,0,0,0,0,0,0,0,0,0,0,0,0,0,0,0,0,0,0,0,0,0,0,0,0,0,0,0,0,0,0,0,0,0,0,0,0,0,0,0,0,0,0,0,0,0,0,0,0,0,0,0,0,0,0,0,0,0,0,0,0,0,0,0,0,0,0,0,0,0,0,0,0,0,0,0,0,0,0,0,0,0,0,0,0,0,0,0,0,0,0,0,0,0,0,0,0,0,0,0,0,0,0,0,0,0,0,0],
    "metadata":{
        "vertices":56,
        "normals":32,
        "colors":0,
        "version":3,
        "uvs":1,
        "bones":1,
        "materials":1,
        "generator":"io_three",
        "type":"Geometry",
        "faces":54
    },
    "animations":[{
        "name":"ArmatureAction",
        "hierarchy":[{
            "keys":[{
                "rot":[0.707107,0,-0,0.707107],
                "time":0,
                "scl":[1,1,1],
                "pos":[0,0,-0]
            },{
                "rot":[0.707107,0,-0,0.707107],
                "time":0.041667,
                "scl":[1,1,1],
                "pos":[0,0,-0]
            }],
            "parent":-1
        }],
        "fps":24,
        "length":0.041667
    }],
    "uvs":[[0.666667,0.571428,0,0.571429,0.083333,0.5,0.583333,0.5,0.75,0.428571,0.75,0,0.833333,0,0.833333,0.428571,0.666667,0,0.583333,0.071429,0,0,0.083333,0.071429,0,0.571429,0.5,0.571429,0.5,1,0,1,0.833333,0.428571,0.833333,0,0.916667,0,0.916667,0.428571,1,0,1,0.428571,0.916667,0.428571,0.916667,0,0.666667,0.428571,0.666667,0,0.75,0,0.75,0.428571]],
    "bones":[{
        "rotq":[0.707107,0,-0,0.707107],
        "scl":[1,1,1],
        "name":"Bone",
        "pos":[0,0,-0],
        "parent":-1
    }],
    "materials":[{
        "visible":true,
        "mapDiffuseAnisotropy":1,
        "colorDiffuse":[0.8,0.8,0.8],
        "DbgIndex":0,
        "mapDiffuseWrap":["RepeatWrapping","RepeatWrapping"],
        "blending":"NormalBlending",
        "depthTest":true,
        "depthWrite":true,
        "shading":"lambert",
        "opacity":1,
        "vertexColors":false,
        "transparent":false,
        "mapDiffuseRepeat":[1,1],
        "wireframe":false,
        "colorEmissive":[0,0,0],
        "DbgColor":15658734,
        "DbgName":"Material.001",
        "mapDiffuse":"pew-buff.png"
    }],
    "name":"Cube.001Geometry",
    "faces":[43,5,1,30,31,0,0,1,2,3,0,0,0,0,43,4,0,27,26,0,0,1,2,3,1,1,1,1,43,4,5,19,18,0,0,1,2,3,2,2,2,2,43,0,4,22,23,0,0,1,2,3,3,3,3,3,43,7,3,13,12,0,0,1,2,3,4,4,4,4,43,3,1,11,9,0,0,1,2,3,5,5,5,5,43,9,11,47,45,0,4,5,6,7,6,6,6,6,43,2,3,9,8,0,8,0,3,9,7,7,7,7,43,0,2,8,10,0,10,8,9,11,8,8,8,8,43,1,0,10,11,0,1,10,11,2,5,5,5,5,43,14,15,43,42,0,4,5,6,7,9,9,9,9,43,6,7,12,15,0,8,0,3,9,10,10,10,10,43,2,6,15,14,0,10,8,9,11,11,11,11,11,43,3,2,14,13,0,1,10,11,2,10,10,10,10,43,18,19,51,50,0,4,5,6,7,12,12,12,12,43,6,4,18,17,0,8,0,3,9,13,13,13,13,43,7,6,17,16,0,10,8,9,11,13,13,13,13,43,5,7,16,19,0,1,10,11,2,14,14,14,14,43,23,22,38,39,0,4,5,6,7,11,11,11,11,43,4,6,21,22,0,8,0,3,9,15,15,15,15,43,6,2,20,21,0,10,8,9,11,16,16,16,16,43,2,0,23,20,0,1,10,11,2,15,15,15,15,43,27,24,32,35,0,4,5,6,7,17,17,17,17,43,1,5,25,24,0,8,0,3,9,18,18,18,18,43,5,4,26,25,0,10,8,9,11,19,19,19,19,43,0,1,24,27,0,1,10,11,2,19,19,19,19,43,30,29,53,54,0,4,5,6,7,20,20,20,20,43,3,7,28,29,0,8,0,3,9,9,9,9,9,43,1,3,29,30,0,10,8,9,11,21,21,21,21,43,7,5,31,28,0,1,10,11,2,21,21,21,21,43,34,35,32,33,0,12,13,14,15,22,22,22,22,43,24,25,33,32,0,16,17,18,19,3,3,3,3,43,25,26,34,33,0,20,21,22,23,23,23,23,23,43,26,27,35,34,0,24,25,26,27,24,24,24,24,43,36,39,38,37,0,12,13,14,15,6,6,6,6,43,22,21,37,38,0,16,17,18,19,25,25,25,25,43,21,20,36,37,0,20,21,22,23,26,26,26,26,43,20,23,39,36,0,24,25,26,27,27,27,27,27,43,42,43,40,41,0,12,13,14,15,12,12,12,12,43,12,13,41,40,0,16,17,18,19,28,28,28,28,43,15,12,40,43,0,20,21,22,23,29,29,29,29,43,13,14,42,41,0,24,25,26,27,27,27,27,27,43,46,44,45,47,0,12,13,14,15,8,8,8,8,43,11,10,46,47,0,16,17,18,19,12,12,12,12,43,10,8,44,46,0,20,21,22,23,30,30,30,30,43,8,9,45,44,0,24,25,26,27,22,22,22,22,43,49,50,51,48,0,12,13,14,15,13,13,13,13,43,17,18,50,49,0,16,17,18,19,30,30,30,30,43,19,16,48,51,0,20,21,22,23,6,6,6,6,43,16,17,49,48,0,24,25,26,27,22,22,22,22,43,52,55,54,53,0,12,13,14,15,30,30,30,30,43,31,30,54,55,0,16,17,18,19,31,31,31,31,43,28,31,55,52,0,20,21,22,23,23,23,23,23,43,29,28,52,53,0,24,25,26,27,18,18,18,18]
}