{
    "materials":[{
        "mapDiffuseWrap":["RepeatWrapping","RepeatWrapping"],
        "colorDiffuse":[0.8,0.8,0.8],
        "mapDiffuseRepeat":[1,1],
        "DbgName":"Material.001",
        "DbgIndex":0,
        "opacity":1,
        "blending":"NormalBlending",
        "DbgColor":15658734,
        "visible":true,
        "shading":"lambert",
        "mapDiffuseAnisotropy":1,
        "mapDiffuse":"pew-dread.png",
        "transparent":false,
        "depthTest":true,
        "wireframe":false,
        "depthWrite":true,
        "vertexColors":false,
        "colorEmissive":[0,0,0]
    }],
    "skinWeights":[0,0,0,0,0,0,0,0,0,0,0,0,0,0,0,0,0,0,0,0,0,0,0,0,0,0,0,0,0,0,0,0,0,0,0,0,0,0,0,0,0,0,0,0,0,0,0,0,0,0,0,0,0,0,0,0,0,0,0,0,0,0,0,0,0,0,0,0,0,0,0,0,0,0,0,0,0,0,0,0,0,0,0,0,0,0,0,0,0,0,0,0,0,0,0,0,0,0,0,0,0,0,0,0,0,0,0,0,0,0,0,0,0,0,0,0,0,0,0,0,0,0,0,0,0,0,0,0,0,0,0,0,0,0,0,0,0,0,0,0,0,0,0,0,0,0,0,0,0,0,0,0,0,0,0,0,0,0,0,0,0,0,0,0,0,0,0,0,0,0,0,0,0,0,0,0,0,0,0,0,0,0,0,0,0,0,0,0,0,0,0,0,0,0,0,0,0,0,0,0,0,0,0,0,0,0,0,0,0,0,0,0,0,0,0,0,0,0,0,0,0,0,0,0,0,0,0,0,0,0,0,0,0,0,0,0,0,0,0,0,0,0,0,0,0,0,0,0,0,0,0,0,0,0,0,0,0,0,0,0,0,0,0,0,0,0,0,0,0,0,0,0,0,0,0,0,0,0,0,0,0,0,0,0,0,0,0,0,0,0,0,0,0,0,0,0,0,0,0,0,0,0,0,0,0,0,0,0,0,0,0,0,0,0,0,0],
    "metadata":{
        "materials":1,
        "bones":1,
        "generator":"io_three",
        "colors":0,
        "vertices":158,
        "faces":152,
        "normals":144,
        "version":3,
        "type":"Geometry",
        "uvs":1
    },
    "bones":[{
        "parent":-1,
        "name":"Bone",
        "pos":[0,0,-0],
        "rotq":[0.707107,0,-0,0.707107],
        "scl":[1,1,1]
    }],
    "skinIndices":[0,0,0,0,0,0,0,0,0,0,0,0,0,0,0,0,0,0,0,0,0,0,0,0,0,0,0,0,0,0,0,0,0,0,0,0,0,0,0,0,0,0,0,0,0,0,0,0,0,0,0,0,0,0,0,0,0,0,0,0,0,0,0,0,0,0,0,0,0,0,0,0,0,0,0,0,0,0,0,0,0,0,0,0,0,0,0,0,0,0,0,0,0,0,0,0,0,0,0,0,0,0,0,0,0,0,0,0,0,0,0,0,0,0,0,0,0,0,0,0,0,0,0,0,0,0,0,0,0,0,0,0,0,0,0,0,0,0,0,0,0,0,0,0,0,0,0,0,0,0,0,0,0,0,0,0,0,0,0,0,0,0,0,0,0,0,0,0,0,0,0,0,0,0,0,0,0,0,0,0,0,0,0,0,0,0,0,0,0,0,0,0,0,0,0,0,0,0,0,0,0,0,0,0,0,0,0,0,0,0,0,0,0,0,0,0,0,0,0,0,0,0,0,0,0,0,0,0,0,0,0,0,0,0,0,0,0,0,0,0,0,0,0,0,0,0,0,0,0,0,0,0,0,0,0,0,0,0,0,0,0,0,0,0,0,0,0,0,0,0,0,0,0,0,0,0,0,0,0,0,0,0,0,0,0,0,0,0,0,0,0,0,0,0,0,0,0,0,0,0,0,0,0,0,0,0,0,0,0,0,0,0,0,0,0,0],
    "colors":[],
    "name":"Cube.001Geometry",
    "animations":[{
        "name":"ArmatureAction",
        "length":0.041667,
        "hierarchy":[{
            "parent":-1,
            "keys":[{
                "scl":[1,1,1],
                "time":0,
                "pos":[0,0,-0],
                "rot":[0.707107,0,-0,0.707107]
            },{
                "scl":[1,1,1],
                "time":0.041667,
                "pos":[0,0,-0],
                "rot":[0.707107,0,-0,0.707107]
            }]
        }],
        "fps":24
    }],
    "influencesPerVertex":2,
    "faces":[43,80,73,1,6,0,0,1,2,3,0,0,0,0,43,6,1,3,7,0,4,5,6,7,1,1,1,1,43,7,3,5,8,0,7,6,8,9,2,2,2,2,42,88,72,0,0,14,10,11,3,3,3,42,0,2,4,0,11,12,13,4,4,4,42,0,4,88,0,11,13,14,5,5,5,42,3,1,73,0,19,15,16,6,6,6,42,73,89,5,0,16,17,18,7,7,7,42,73,5,3,0,16,18,19,6,6,6,43,10,7,8,11,0,20,7,9,21,8,8,8,8,43,9,6,7,10,0,22,4,7,20,9,9,9,9,43,87,80,6,9,0,23,0,3,24,10,10,10,10,43,9,0,72,87,0,24,26,25,23,11,11,11,11,43,0,9,10,2,0,27,22,20,28,12,12,12,12,43,2,10,11,4,0,28,20,21,29,13,13,13,13,43,4,11,91,88,0,30,31,32,33,14,14,14,14,43,11,8,90,91,0,31,34,35,32,15,15,15,15,43,8,5,89,90,0,34,36,37,35,16,16,16,16,43,14,13,17,18,0,38,39,40,41,17,17,17,17,43,15,14,18,19,0,42,38,41,43,18,18,18,18,43,13,12,16,17,0,39,44,45,40,19,19,19,19,43,18,17,21,22,0,41,40,46,47,20,20,20,20,43,19,18,22,23,0,43,41,47,48,21,21,21,21,43,17,16,20,21,0,40,45,49,46,22,22,22,22,43,22,21,25,26,0,47,46,50,51,23,23,23,23,43,23,22,26,27,0,52,53,54,55,24,24,24,24,43,21,20,24,25,0,46,49,56,50,25,25,25,25,43,26,25,111,112,0,54,57,58,59,26,26,26,26,43,27,26,112,113,0,55,54,59,60,27,27,27,27,43,25,24,110,111,0,57,61,62,58,28,28,28,28,42,93,15,19,0,63,64,65,29,29,29,42,12,92,16,0,44,66,45,30,30,30,42,93,19,23,0,63,65,67,31,31,31,42,16,92,20,0,45,66,49,32,32,32,42,93,23,27,0,63,67,68,33,33,33,42,20,92,24,0,49,66,56,34,34,34,42,93,27,113,0,63,68,69,35,35,35,42,24,92,110,0,61,70,62,36,36,36,43,52,36,35,33,0,71,72,73,74,37,37,37,37,43,38,53,32,34,0,75,76,77,78,38,38,38,38,43,50,37,39,51,0,79,80,81,82,39,39,39,39,43,54,55,28,29,0,83,84,85,86,40,40,40,40,43,31,29,28,30,0,87,88,89,90,41,41,41,41,43,55,53,38,39,0,91,76,75,92,42,42,42,42,43,39,37,31,30,0,81,80,93,94,43,43,43,43,43,55,39,30,28,0,91,92,95,96,44,44,44,44,43,41,45,59,57,0,97,98,99,100,45,45,45,45,43,36,38,34,35,0,101,102,103,104,46,46,46,46,43,40,42,43,41,0,105,106,107,108,47,47,47,47,43,50,48,36,37,0,109,110,72,111,48,48,48,48,43,46,44,45,47,0,112,113,114,115,49,49,49,49,43,42,40,44,46,0,116,117,118,119,50,50,50,50,43,33,35,34,32,0,120,121,122,123,51,51,51,51,43,53,52,33,32,0,124,125,126,127,52,52,52,52,43,37,54,29,31,0,111,128,129,130,53,53,53,53,43,37,36,52,54,0,111,72,71,128,54,54,54,54,43,47,45,41,43,0,131,98,97,132,55,55,55,55,43,42,46,47,43,0,133,134,135,136,56,56,56,56,43,54,52,53,55,0,83,125,124,84,57,57,57,57,43,39,38,49,51,0,92,75,137,138,58,58,58,58,43,48,50,51,49,0,139,79,82,140,59,59,59,59,43,36,48,49,38,0,141,142,143,144,60,60,60,60,43,58,56,57,59,0,145,146,147,148,61,61,61,61,43,44,40,56,58,0,118,117,149,150,62,62,62,62,43,45,44,58,59,0,114,113,151,152,63,63,63,63,43,40,41,57,56,0,105,108,153,154,64,64,64,64,43,61,65,71,69,0,97,98,99,100,65,65,65,65,43,60,62,63,61,0,105,106,107,108,66,66,66,66,43,66,64,65,67,0,112,113,114,115,67,67,67,67,43,62,60,64,66,0,116,117,118,119,68,68,68,68,43,67,65,61,63,0,131,98,97,132,69,69,69,69,43,62,66,67,63,0,133,134,135,136,70,70,70,70,43,70,68,69,71,0,145,146,147,148,71,71,71,71,43,64,60,68,70,0,118,117,149,150,72,72,72,72,43,65,64,70,71,0,114,113,151,152,73,73,73,73,43,60,61,69,68,0,105,108,153,154,74,74,74,74,43,80,81,75,73,0,0,3,2,1,75,75,75,75,43,81,82,77,75,0,4,7,6,5,76,76,76,76,43,82,83,79,77,0,7,9,8,6,77,77,77,77,42,74,72,88,0,11,10,14,78,78,78,42,88,78,76,0,14,13,12,4,4,4,42,88,76,74,0,14,12,11,79,79,79,42,73,75,77,0,16,15,19,6,6,6,42,77,79,89,0,19,18,17,6,6,6,42,77,89,73,0,19,17,16,6,6,6,43,85,86,83,82,0,20,21,9,7,80,80,80,80,43,84,85,82,81,0,22,20,7,4,81,81,81,81,43,87,84,81,80,0,23,24,3,0,82,82,82,82,43,72,74,84,87,0,25,26,24,23,83,83,83,83,43,74,76,85,84,0,27,28,20,22,84,84,84,84,43,76,78,86,85,0,28,29,21,20,85,85,85,85,43,78,88,91,86,0,30,33,32,31,14,14,14,14,43,86,91,90,83,0,31,32,35,34,15,15,15,15,43,83,90,89,79,0,34,35,37,36,16,16,16,16,43,96,100,99,95,0,38,41,40,39,86,86,86,86,43,97,101,100,96,0,42,43,41,38,87,87,87,87,43,95,99,98,94,0,39,40,45,44,88,88,88,88,43,100,104,103,99,0,41,47,46,40,89,89,89,89,43,101,105,104,100,0,43,48,47,41,90,90,90,90,43,99,103,102,98,0,40,46,49,45,91,91,91,91,43,104,108,107,103,0,47,51,50,46,92,92,92,92,43,105,109,108,104,0,52,55,54,53,93,93,93,93,43,103,107,106,102,0,46,50,56,49,94,94,94,94,43,108,112,111,107,0,54,59,58,57,95,95,95,95,43,109,113,112,108,0,55,60,59,54,96,96,96,96,43,107,111,110,106,0,57,58,62,61,97,97,97,97,42,93,101,97,0,63,65,64,98,98,98,42,94,98,92,0,44,45,66,99,99,99,42,93,105,101,0,63,67,65,100,100,100,42,98,102,92,0,45,49,66,101,101,101,42,93,109,105,0,63,68,67,102,102,102,42,102,106,92,0,49,56,66,103,103,103,42,93,113,109,0,63,69,68,104,104,104,42,106,110,92,0,61,62,70,105,105,105,43,138,119,121,122,0,71,74,73,72,106,106,106,106,43,124,120,118,139,0,75,78,77,76,107,107,107,107,43,136,137,125,123,0,79,82,81,80,108,108,108,108,43,140,115,114,141,0,83,86,85,84,109,109,109,109,43,117,116,114,115,0,87,90,89,88,110,110,110,110,43,141,125,124,139,0,91,92,75,76,111,111,111,111,43,125,116,117,123,0,81,94,93,80,112,112,112,112,43,141,114,116,125,0,91,96,95,92,113,113,113,113,43,127,143,145,131,0,97,100,99,98,114,114,114,114,43,122,121,120,124,0,101,104,103,102,115,115,115,115,43,126,127,129,128,0,105,108,107,106,116,116,116,116,43,136,123,122,134,0,109,111,72,110,117,117,117,117,43,132,133,131,130,0,112,115,