{
    "vertices":[0,-0.559848,0,0.405106,-0.250372,0.294323,-0.154734,-0.250372,0.476229,-0.500742,-0.250372,0,-0.154734,-0.250372,-0.476229,0.405106,-0.250372,-0.294323,0.154734,0.250372,0.476229,-0.405106,0.250372,0.294323,-0.405106,0.250372,-0.294323,0.154734,0.250372,-0.476229,0.500742,0.250372,-0,0,0.559848,-0],
    "normals":[0.187597,0.577354,0.794651,0.607065,0,0.794652,-0.491122,0.356829,0.794652,-0.491122,-0.356829,0.794652,0.187597,-0.577354,0.794651,0.982246,0,0.187597,0.303536,0.934171,0.187589,-0.794649,0.577359,0.187587,-0.794649,-0.577359,0.187587,0.303536,-0.934172,0.187589,0.794649,0.577359,-0.187587,-0.303536,0.934172,-0.187589,-0.982246,0,-0.187597,-0.303536,-0.934171,-0.187589,0.794649,-0.577359,-0.187587,0.491122,0.356829,-0.794652,-0.187597,0.577354,-0.794651,-0.607065,0,-0.794652,-0.187597,-0.577354,-0.794651,0.491122,-0.356829,-0.794652],
    "skinIndices":[0,0,0,0,0,0,0,0,0,0,0,0,0,0,0,0,0,0,0,0,0,0,0,0],
    "influencesPerVertex":2,
    "colors":[],
    "skinWeights":[0,0,0,0,0,0,0,0,0,0,0,0,0,0,0,0,0,0,0,0,0,0,0,0],
    "metadata":{
        "vertices":12,
        "normals":20,
        "colors":0,
        "version":3,
        "uvs":1,
        "bones":1,
        "materials":1,
        "generator":"io_three",
        "type":"Geometry",
        "faces":20
    },
    "animations":[{
        "name":"ArmatureAction",
        "hierarchy":[{
            "keys":[{
                "rot":[0.707107,0,-0,0.707107],
                "time":0,
                "scl":[1,1,1],
                "pos":[0,0,-0]
            },{
                "rot":[0.707107,0,-0,0.707107],
                "time":0.041667,
                "scl":[1,1,1],
                "pos":[0,0,-0]
            }],
            "parent":-1
        }],
        "fps":24,
        "length":0.041667
    }],
    "uvs":[[0.20412,0.063367,0.16514,0.37096,0,0.190106,0.432336,0.25347,0.28183,1,0.25,0.748852,0.5,0.904069,0.03183,0.497699,0.25,0.593629,0,0.748847,0.432336,0,0.369263,0.497699,0.531831,0.497699,0.75,0.59363,0.5,0.748852,0.5,0.59363,0.25,0.904069,1,0.904069,0.781831,1,0.75,0.748847,0.75,0.904069,0.281831,0.497699,0.801598,0,0.864671,0.244229,0.597475,0.126739,0.031831,1,1,0.593629,0.53183,1,0.864671,0.497699,0.636456,0.434332,0.432336,0.307593,0.78183,0.497699]],
    "bones":[{
        "rotq":[0.707107,0,-0,0.707107],
        "scl":[1,1,1],
        "name":"Bone",
        "pos":[0,0,-0],
        "parent":-1
    }],
    "materials":[{
        "visible":true,
        "mapDiffuseAnisotropy":1,
        "colorDiffuse":[0.8,0.8,0.8],
        "DbgIndex":0,
        "mapDiffuseWrap":["RepeatWrapping","RepeatWrapping"],
        "blending":"NormalBlending",
        "depthTest":true,
        "depthWrite":true,
        "shading":"lambert",
        "opacity":1,
        "vertexColors":false,
        "transparent":false,
        "mapDiffuseRepeat":[1,1],
        "wireframe":false,
        "colorEmissive":[0,0,0],
        "DbgColor":15658734,
        "DbgName":"Material.001",
        "mapDiffuse":"pew-asteroid.png"
    }],
    "name":"Cube.001Geometry",
    "faces":[42,0,1,2,0,0,1,2,0,0,0,42,1,0,5,0,1,0,3,1,1,1,42,0,2,3,0,4,5,6,2,2,2,42,0,3,4,0,7,8,9,3,3,3,42,0,4,5,0,0,10,3,4,4,4,42,1,5,10,0,1,3,11,5,5,5,42,2,1,6,0,12,13,14,6,6,6,42,3,2,7,0,6,5,15,7,7,7,42,4,3,8,0,9,8,16,8,8,8,42,5,4,9,0,17,18,19,9,9,9,42,1,10,6,0,13,20,14,10,10,10,42,2,6,7,0,5,21,15,11,11,11,42,3,7,8,0,22,23,24,12,12,12,42,4,8,9,0,9,16,25,13,13,13,42,5,9,10,0,17,19,26,14,14,14,42,6,10,11,0,14,20,27,15,15,15,42,7,6,11,0,23,28,29,16,16,16,42,8,7,11,0,24,23,29,17,17,17,42,9,8,11,0,30,24,29,18,18,18,42,10,9,11,0,26,19,31,19,19,19]
}