{
    "vertices":[0.494401,0.002975,0,0.444961,0.088608,0,0.346081,0.088608,0,0.296641,0.002975,0,0.346081,-0.082657,0,0.444961,-0.082657,0,0.2472,0.002975,-0.428164,0.22248,0.088608,-0.385347,0.17304,0.088608,-0.299715,0.14832,0.002975,-0.256898,0.17304,-0.082657,-0.299715,0.22248,-0.082657,-0.385347,-0.2472,0.002975,-0.428164,-0.22248,0.088608,-0.385347,-0.17304,0.088608,-0.299715,-0.14832,0.002975,-0.256898,-0.17304,-0.082657,-0.299715,-0.22248,-0.082657,-0.385347,-0.494401,0.002975,-0,-0.444961,0.088608,-0,-0.346081,0.088608,-0,-0.296641,0.002975,-0,-0.346081,-0.082657,-0,-0.444961,-0.082657,-0,-0.2472,0.002975,0.428164,-0.22248,0.088608,0.385347,-0.17304,0.088608,0.299715,-0.14832,0.002975,0.256898,-0.17304,-0.082657,0.299715,-0.22248,-0.082657,0.385347,0.2472,0.002975,0.428164,0.22248,0.088608,0.385347,0.17304,0.088608,0.299715,0.14832,0.002975,0.256898,0.17304,-0.082657,0.299715,0.22248,-0.082657,0.385347,0,-0.235123,0,0.1809,-0.096927,0.13143,-0.069096,-0.096927,0.21266,-0.223606,-0.096927,0,-0.069096,-0.096927,-0.21266,0.1809,-0.096927,-0.13143,0.069096,0.12668,0.21266,-0.1809,0.12668,0.13143,-0.1809,0.12668,-0.13143,0.069096,0.12668,-0.21266,0.223606,0.12668,0,0,0.264877,0],
    "normals":[0.774597,-0.447214,-0.447214,-0,-0,-1,-0.774597,0.447214,-0.447214,-0.774597,0.447214,0.447214,0,0,1,0.774597,-0.447214,0.447214,0,-0.894427,-0.447213,0,0,-1,-0,0.894427,-0.447214,-0,0.894427,0.447214,0,0,1,0,-0.894427,0.447213,-0.774597,-0.447214,-0.447213,0,-0,-1,0.774596,0.447214,-0.447214,0.774597,0.447214,0.447214,-0,0,1,-0.774597,-0.447214,0.447213,-0.774597,0.447214,-0.447213,-0,-0,-1,0.774597,-0.447214,-0.447214,0.774597,-0.447214,0.447214,0,0,1,-0.774597,0.447214,0.447213,-0.866025,0.5,-0,-0.866025,0.5,0,-0.866025,0.5,-0,-0.866025,0.5,-0,0.866025,0.5,-0,0.866025,0.5,0,0.866025,0.5,-0,0.866025,0.5,-0,0.774597,0.447214,-0.447214,0,-0,-1,-0.774597,-0.447214,-0.447214,-0.774597,-0.447214,0.447214,-0,0,1,0.774597,0.447214,0.447214,0.187597,0.577354,0.794651,0.607064,0,0.794653,-0.491122,0.356829,0.794652,-0.491122,-0.356829,0.794652,0.187597,-0.577354,0.794651,0.982246,0,0.187597,0.303536,0.934171,0.187589,-0.794649,0.577359,0.187587,-0.794649,-0.577359,0.187587,0.303536,-0.934171,0.187589,0.794649,0.577359,-0.187587,-0.303536,0.934171,-0.187589,-0.982246,0,-0.187597,-0.303536,-0.934172,-0.187589,0.794649,-0.577359,-0.187587,0.491122,0.356829,-0.794652,-0.187597,0.577354,-0.794651,-0.607065,0,-0.794652,-0.187597,-0.577354,-0.794651,0.491122,-0.356829,-0.794652],
    "skinIndices":[0,0,0,0,0,0,0,0,0,0,0,0,0,0,0,0,0,0,0,0,0,0,0,0,0,0,0,0,0,0,0,0,0,0,0,0,0,0,0,0,0,0,0,0,0,0,0,0,0,0,0,0,0,0,0,0,0,0,0,0,0,0,0,0,0,0,0,0,0,0,0,0,0,0,0,0,0,0,0,0,0,0,0,0,0,0,0,0,0,0,0,0,0,0,0,0],
    "influencesPerVertex":2,
    "colors":[],
    "skinWeights":[0,0,0,0,0,0,0,0,0,0,0,0,0,0,0,0,0,0,0,0,0,0,0,0,0,0,0,0,0,0,0,0,0,0,0,0,0,0,0,0,0,0,0,0,0,0,0,0,0,0,0,0,0,0,0,0,0,0,0,0,0,0,0,0,0,0,0,0,0,0,0,0,0,0,0,0,0,0,0,0,0,0,0,0,0,0,0,0,0,0,0,0,0,0,0,0],
    "metadata":{
        "vertices":48,
        "normals":58,
        "colors":0,
        "version":3,
        "uvs":1,
        "bones":1,
        "materials":1,
        "generator":"io_three",
        "type":"Geometry",
        "faces":58
    },
    "animations":[{
        "name":"ArmatureAction",
        "hierarchy":[{
            "keys":[{
                "rot":[0.707107,0,-0,0.707107],
                "time":0,
                "scl":[1,1,1],
                "pos":[0,0,-0]
            },{
                "rot":[0.707107,0,-0,0.707107],
                "time":0.041667,
                "scl":[1,1,1],
                "pos":[0,0,-0]
            }],
            "parent":-1
        }],
        "fps":24,
        "length":0.041667
    }],
    "uvs":[[0.419291,0.876411,0.343086,0.596316,0.400543,0.595498,0.469128,0.847583,0.343086,0.392038,0.343086,0.184725,0.383427,0.189744,0.383427,0.350988,0.706156,0.611139,0.763672,0.478995,0.811741,0.507714,0.762442,0.62098,0.32683,0.579593,0.289179,0.749743,0.231835,0.751532,0.275761,0.553024,0.198597,0.089971,0.086216,0.204326,0.054108,0.179118,0.198597,0.03209,0.160544,0,0,0.163364,0.419292,0.414627,0.469128,0.431978,0.524621,0,0.524621,0.04607,0.553804,0.094008,0.43278,0.217158,0.32683,0.852572,0.275761,0.871499,0.086216,0.406912,0.054108,0.439585,0,0.452772,0.797132,0.478995,0.740641,0.198189,0.797722,0.200334,0.848564,0.45306,0.706156,0.022589,0.665815,0.063639,0.848564,0.414022,0.848564,0.212159,0.889195,0.22164,0.889195,0.394666,0.944015,0.208477,0.944015,0.41034,0.198597,0.495142,0.198597,0.553024,0.756998,0.465293,0.706156,0.212567,0.797132,0,0.848564,0.021964,0.706156,0.229902,0.665815,0.224882,0,1,0,0.796644,0.055611,0.811278,0.055611,0.985582,0.160544,0.463052,0.25687,0.365033,0.310977,0.380787,0.343086,0.405996,1,0.493639,1,0.755179,0.944427,0.769596,0.944427,0.478995,0.751905,0.927778,0.706156,0.899412,0.706156,0.841292,0.751905,0.811538,0.797654,0.839904,0.797654,0.898024,0.151062,0.881316,0.103337,0.911994,0.055611,0.884998,0.055611,0.827323,0.103337,0.796644,0.151062,0.823641,0.656633,0.944271,0.656633,0.655896,0.697264,0.665377,0.697264,0.924915,0.524621,0.414627,0.524621,0.368557,0.71938,0.811285,0.773777,0.792534,0.798517,0.611391,0.811741,0.811538,0.310977,0.178202,0.343086,0.145529,0.601814,0.928597,0.601813,0.66906,0,0.671361,0.114622,0.694568,0.088553,0.796644,0.088553,0.553024,0.980344,0.208477,0.851079,0.152691,0.980344,0.070749,0.469128,0.6968,0.601813,0.655896,0.597952,0.770265,0.469128,0.850469,0.231835,0.605169,0.231835,0.755736,0.848564,0,0.703815,0.458158,0.703815,0.607272,0.593586,0.513143,0.601813,0.904538,0.940565,0.613268,0.811741,0.533065,0.55877,0.655896,0.558771,0.414627,0.942901,0.727638,0.942901,0.877428,0.813358,0.79573,0.944427,0.727638,0.811741,0.686734,0.469128,0.536836,0.811741,0.939405]],
    "bones":[{
        "rotq":[0.707107,0,-0,0.707107],
        "scl":[1,1,1],
        "name":"Bone",
        "pos":[0,0,-0],
        "parent":-1
    }],
    "materials":[{
        "visible":true,
        "mapDiffuseAnisotropy":1,
        "colorDiffuse":[0.8,0.8,0.8],
        "DbgIndex":0,
        "mapDiffuseWrap":["RepeatWrapping","RepeatWrapping"],
        "blending":"NormalBlending",
        "depthTest":true,
        "depthWrite":true,
        "shading":"lambert",
        "opacity":1,
        "vertexColors":false,
        "transparent":false,
        "mapDiffuseRepeat":[1,1],
        "wireframe":false,
        "colorEmissive":[0,0,0],
        "DbgColor":15658734,
        "DbgName":"Material.001",
        "mapDiffuse":"pew-pidgeon.png"
    }],
    "name":"Cube.001Geometry",