{
    "metadata":{
        "version":3,
        "type":"Geometry",
        "uvs":1,
        "bones":1,
        "colors":0,
        "vertices":84,
        "normals":73,
        "generator":"io_three",
        "faces":82,
        "materials":1
    },
    "colors":[],
    "animations":[{
        "length":0.041667,
        "hierarchy":[{
            "keys":[{
                "rot":[0.707107,0,-0,0.707107],
                "scl":[1,1,1],
                "pos":[0,0,-0],
                "time":0
            },{
                "rot":[0.707107,0,-0,0.707107],
                "scl":[1,1,1],
                "pos":[0,0,-0],
                "time":0.041667
            }],
            "parent":-1
        }],
        "fps":24,
        "name":"ArmatureAction"
    }],
    "uvs":[[0.177063,0.405629,0.217099,0.550393,0.042135,0.571325,0.022283,0.424531,0.600582,0.263316,0.44453,0.263316,0.485307,0.156178,0.559804,0.156178,0.44453,0.401109,0.600582,0.401109,0.236835,0.392472,0.257131,0.24537,0.429189,0.266548,0.389042,0.411592,0,0.298071,0.185907,0.314595,0.787316,0.067641,0.787316,0.193491,0.631264,0.193491,0.631264,0.067641,0.802657,0.829784,0.79171,0.829783,0.79171,0.652249,0.802657,0.652249,0.615923,0.491601,0.429189,0.491601,0.615923,0.806538,0.429189,0.806538,0.217099,0.518443,0.400119,0.502093,0.429189,0.816128,0.418493,0.817418,0.802657,0.298976,0.615923,0.298976,0.802657,0.652249,0.615923,0.652249,0.206237,0,0.217099,0.001299,0.515961,0,0.52915,0,0.672042,0,0.746539,0,0.283388,0.155624,0.365526,0.165734,0.159552,0.652899,0.076026,0.662892,0.579388,0.806538,0.579388,0.820624,0.5662,0.820624,0.5662,0.806538,0.384216,0,0.398757,0.00179,0.610043,0.919989,0.535546,0.919989,0.198234,0.81801,0.183447,0.819779,0.927106,0.26613,1,0.266066,1,0.295431,0.939268,0.295485,0.893429,0.728741,0.802657,0.728741,0.802657,0.704814,0.893429,0.704814,0.893429,0.854541,0.802657,0.854541,0.781527,0.680875,0.771016,0.680875,0.771016,0.652249,0.781527,0.652249,1,0.133017,0.927107,0.133081,0.89924,0.249007,0.820472,0.244695,0.833854,0.215761,0.900658,0.219621,0.814045,0.377839,0.888468,0.381167,0.802657,0.143593,0.904078,0.148763,0.989488,9e-06,1,0,0.868757,0.51127,0.858416,0.510879,0.832768,1,0.802657,1,1,0.366239,0.904078,0.366323,0.802657,0.626758,0.893429,0.626758,0.771016,0.738548,0.747213,0.738548,0.747213,0.652249,1,0.512406,0.976057,0.512427,0.880525,0,0.904078,0.000891,0.802657,0.51127,0.893429,0.51127,0.747213,0.89875,0.747213,0.869366,0.615923,0.869366,0.615923,0.89875,0.535546,0.939643,0.459299,0.806538,0.429189,0.806538,0.429189,0.939643,0.747213,0.798512,0.656441,0.652249,0.615923,0.798512]],
    "materials":[{
        "DbgColor":15658734,
        "DbgIndex":0,
        "transparent":false,
        "shading":"lambert",
        "vertexColors":false,
        "colorEmissive":[0,0,0],
        "depthTest":true,
        "mapDiffuseAnisotropy":1,
        "mapDiffuseWrap":["RepeatWrapping","RepeatWrapping"],
        "depthWrite":true,
        "mapDiffuseRepeat":[1,1],
        "visible":true,
        "opacity":1,
        "DbgName":"Material.001",
        "blending":"NormalBlending",
        "wireframe":false,
        "colorDiffuse":[0.8,0.8,0.8],
        "mapDiffuse":"pew-bat.png"
    }],
    "bones":[{
        "scl":[1,1,1],
        "parent":-1,
        "rotq":[0.707107,0,-0,0.707107],
        "name":"Bone",
        "pos":[0,0,-0]
    }],
    "name":"Cube.001Geometry",
    "vertices":[0.314022,0.092996,-0.216987,0.314022,-0.092996,-0.216987,0.354569,0.092996,-0.035469,0.354569,-0.092996,-0.035469,0.108783,0.092996,-0.171696,0.108783,-0.092996,-0.171696,0.173051,0.092996,0.005079,0.173051,-0.092996,0.005079,0.185113,0.11128,0.514576,0.185113,-0.11128,0.514576,0.17207,0.11128,0.514136,0.17207,-0.11128,0.514136,0.172842,-0.11128,0.118702,0.172842,0.11128,0.118702,0.395402,-0.11128,0.119085,0.395402,0.11128,0.119085,0.263859,0.044395,-0.324531,0.263859,-0.044395,-0.324531,0.16588,0.044395,-0.302909,0.16588,-0.044395,-0.302909,0.118704,0.007859,-0.506613,0.118704,-0.007859,-0.506613,0.101358,0.007859,-0.502785,0.101358,-0.007859,-0.502785,0.07239,0.086887,-0.247663,0.07239,-0.0213,-0.247663,0.086887,-0.0213,-0.043579,0.086887,0.086887,-0.043579,0.086887,-0.0213,-0.210763,0.086887,0.086887,-0.210763,0.012529,-0.0213,0.123565,0.012529,0.014587,0.123565,0.114335,0.086887,-0.336637,0.114335,-0.0213,-0.336637,0.028539,0.086887,-0.520306,0.028539,-0.0213,-0.520306,-0.314022,0.092996,-0.216987,-0.314022,-0.092996,-0.216987,-0.354569,0.092996,-0.035469,-0.354569,-0.092996,-0.035469,-0.108783,0.092996,-0.171696,-0.108783,-0.092996,-0.171696,-0.173051,0.092996,0.005079,-0.173051,-0.092996,0.005079,-0.185113,0.11128,0.514576,-0.185113,-0.11128,0.514576,-0.17207,0.11128,0.514136,-0.17207,-0.11128,0.514136,-0.172842,-0.11128,0.118702,-0.172842,0.11128,0.118702,-0.395402,-0.11128,0.119085,-0.395402,0.11128,0.119085,-0.263859,0.044395,-0.324531,-0.263859,-0.044395,-0.324531,-0.16588,0.044395,-0.302909,-0.16588,-0.044395,-0.302909,-0.118704,0.007859,-0.506613,-0.118704,-0.007859,-0.506613,-0.101358,0.007859,-0.502785,-0.101358,-0.007859,-0.502785,0,-0.0213,-0.247663,0,0.135179,-0.247663,-0.07239,0.086887,-0.247663,-0.07239,-0.0213,-0.247663,-0.086887,-0.0213,-0.043579,-0.086887,0.086887,-0.043579,-0.086887,-0.0213,-0.210763,-0.086887,0.086887,-0.210763,0,0.135179,-0.210763,0,-0.0213,-0.210763,0,0.105463,-0.043579,0,-0.0213,-0.043579,-0.012529,-0.0213,0.123565,-0.012529,0.014587,0.123565,0,0.014587,0.123565,0,-0.0213,0.123565,0,-0.0213,-0.336637,0,0.135179,-0.336637,-0.114335,0.086887,-0.336637,-0.114335,-0.0213,-0.336637,0,-0.0213,-0.520306,0,0.086887,-0.520306,-0.028539,0.086887,-0.520306,-0.028539,-0.0213,-0.520306],
    "skinIndices":[0,0,0,0,0,0,0,0,0,0,0,0,0,0,0,0,0,0,0,0,0,0,0,0,0,0,0,0,0,0,0,0,0,0,0,0,0,0,0,0,0,0,0,0,0,0,0,0,0,0,0,0,0,0,0,0,0,0,0,0,0,0,0,0,0,0,0,0,0,0,0,0,0,0,0,0,0,0,0,0,0,0,0,0,0,0,0,0,0,0,0,0,0,0,0,0,0,0,0,0,0,0,0,0,0,0,0,0,0,0,0,0,0,0,0,0,0,0,0,0,0,0,0,0,0,0,0,0,0,0,0,0,0,0,0,0,0,0,0,0,0,0,0,0,0,0,0,0,0,0,0,0,0,0,0,0,0,0,0,0,0,0,0,0,0,0,0,0],
    "normals":[0,0,1,-0.916947,-0.399009,-0,-0.939816,0.34168,-0,-0,-0,-1,-0.013233,-0.133131,0.99101,0.975948,-0.218005,-0,-0.033666,0.999433,-0,-0.999998,-0.001842,0,-0.999998,-0.00195,-0,0,-0,-1,0.966826,-0.255436,0,-0.013233,-0.133132,-0.99101,0.882945,0.469477,-0,-0,0,1,-0.951645,0.307199,-0,0.906261,-0.422719,-0,-0.083377,-0.377828,-0.922114,-0.083377,-0.377827,0.922114,-0.215489,-0.976506,-0,-0.037093,-0.168089,-0.985074,0.781938,-0.623356,-0,-0.037093,-0.168089,0.985074,0,0,1,0.930751,-0.365652,-0,1,0,0,0,1,0,0,0,1,0.51584,-0.101326,-0.850672,0.357902,0.082659,-0.930093,0.456759,0.107665,-0.883051,0,0,1,0.162913,0.461825,-0.871881,0.913668,0.406461,-0,0,0,1,0.904526,0.426419,-0,0,-1,-0,0,0,1,0.31403,-0.195487,-0.92907,0.906023,-0.423229,-0,-0,0,1,0.916947,-0.399009,-0,0.939816,0.34168,-0,0,-0,-1,0.013233,-0.133131,0.99101,-0.975948,-0.218005,-0,0.033666,0.999433,-0,0.999998,-0.001842,0,0.999998,-0.00195,-0,-0,-0,-1,-0.966826,-0.255436,0,0.013233,-0.133132,-0.99101,-0.882945,0.469477,-0,0,0,1,0.951645,0.307199,-0,-0.906261,-0.422719,-0,0.083377,-0.377828,-0.922114,0.083377,-0.377827,0.922114,0.215489,-0.976506,-0,0.037093,-0.168089,-0.985074,-0.781938,-0.623356,-0,0.037093,-0.168089,0.985074,-0.930751,-0.365652,-0,-1,-0,-0,0,1,-0,-0.51584,-0.101326,-0.850672,-0.357902,0.082659,-0.930093,-0.456759,0.107665,-0.883051,1,0,-0,-0.162913,0.461825,-0.871881,-0.913668,0.406461,-0,-0.904526,0.426419,-0,-0.31403,-0.195487,-0.92907,-0.906023,-0.423229,-0],
    "influencesPerVertex":2,
    "skinWeights":[0,0,0,0,0,0,0,0,0,0,0,0,0,0,0,0,0,0,0,0,0,0,0,0,0,0,0,0,0,0,0,0,0,0,0,0,0,0,0,0,0,0,0,0,0,0,0,0,0,0,0,0,0,0,0,0,0,0,0,0,0,0,0,0,0,0,0,0,0,0,0,0,0,0,0,0,0,0,0,0,0,0,0,0,0,0,0,0,0,0,0,0,0,0,0,0,0,0,0,0,0,0,0,0,0,0,0,0,0,0,0,0,0,0,0,0,0,0,0,0,0,0,0,0,0,0,0,0,0,0,0,0,0,0,0,0,0,0,0,0,0,0,0,0,0,0,0,0,0,0,0,0,0,0,0,0,0,0,0,0,0,0,0,0,0,0,0,0],